{
  "project_info": {
    "project_number": "13544078816",
    "project_id": "womensafety-fa2c7",
    "storage_bucket": "womensafety-fa2c7.appspot.com"
  },
  "client": [
    {
      "client_info": {
        "mobilesdk_app_id": "1:13544078816:android:c10abd2f9b0c67e954ff85",
        "android_client_info": {
          "package_name": "com.hyg.awesome.familymobiletracker.app"
        }
      },
      "oauth_client": [
        {
          "client_id": "13544078816-sofd21ple18749a88n13f1ufd0j0voea.apps.googleusercontent.com",
          "client_type": 3
        }
      ],
      "api_key": [
        {
          "current_key": "AIzaSyAqFgR9CjZs258cYAd77xP8O6wzBWPE8yo"
        }
      ],
      "services": {
        "appinvite_service": {
          "other_platform_oauth_client": [
            {
              "client_id": "13544078816-sofd21ple18749a88n13f1ufd0j0voea.apps.googleusercontent.com",
              "client_type": 3
            }
          ]
        }
      }
    },
    {
      "client_info": {
        "mobilesdk_app_id": "1:13544078816:android:ceda771b2688fd4154ff85",
        "android_client_info": {
          "package_name": "com.hyg.awesome.familymobiletracker.feature"
        }
      },
      "oauth_client": [
        {
          "client_id": "13544078816-sofd21ple18749a88n13f1ufd0j0voea.apps.googleusercontent.com",
          "client_type": 3
        }
      ],
      "api_key": [
        {
          "current_key": "AIzaSyAqFgR9CjZs258cYAd77xP8O6wzBWPE8yo"
        }
      ],
      "services": {
        "appinvite_service": {
          "other_platform_oauth_client": [
            {
              "client_id": "13544078816-sofd21ple18749a88n13f1ufd0j0voea.apps.googleusercontent.com",
              "client_type": 3
            }
          ]
        }
      }
    }
  ],
  "configuration_version": "1"
}